validation_scope,target,model,group_column,n_folds,n_rows,n_groups,mae_mean,mae_std,rmse_mean,rmse_std,r2_mean,r2_std,spearman_mean,spearman_std
group_kfold,rt_min,linear_ridge,inchikey,3,17367,4447,3.6017529242280317,0.08698803008500744,5.455771146795461,0.09723205345905016,0.72357051131665,0.007196859886528573,0.8178208213573165,0.009794165461430488
group_kfold,rt_min,random_forest,inchikey,3,17367,4447,1.940112283974378,0.06474274346591835,3.3024554028712174,0.2251277542773439,0.8986912247055464,0.00994757372708535,0.9331118406212972,0.005227148206603824
group_kfold,rt_min,extra_trees,inchikey,3,17367,4447,1.8504154328167104,0.04548054288425979,3.139653544005173,0.20723753536339917,0.9084052720450551,0.009042659311371215,0.9400047587266483,0.0030404532320558314
group_kfold,rt_min,hist_gradient_boosting,inchikey,3,17367,4447,2.1559855863396096,0.02181110729974166,3.3997897081073902,0.11985407542618856,0.8927333839308265,0.003574026876917496,0.9227150764545428,0.0031257951875117364
group_kfold,quality_score,linear_ridge,inchikey,3,17367,4447,0.00011894607608212484,2.568734637762985e-05,0.0031313873622142246,0.0012943809844099703,0.7586742360215378,0.1766433378063529,0.04527117492679503,0.0046824507882823165
group_kfold,quality_score,random_forest,inchikey,3,17367,4447,3.243699742115711e-05,1.7452418204890187e-05,0.0013968420124454593,0.0006837119226009807,0.9553181242975425,0.027953985325903163,0.9999999621756772,3.787479082670494e-08
group_kfold,quality_score,extra_trees,inchikey,3,17367,4447,2.6523003510412196e-05,1.8139003463181267e-05,0.0011897548707751684,0.0007331372739952432,0.965902481326988,0.0285238932427924,0.9999999621756772,3.787479082670494e-08
group_kfold,quality_score,hist_gradient_boosting,inchikey,3,17367,4447,0.00029874107811990355,7.4680266207505185e-06,0.005113846289076178,0.0009786325442054386,0.43707511328670984,0.11115252539879085,0.06330446604837293,0.011520094361456904
