validation_scope,target,model,group_column,n_folds,n_rows,n_groups,mae_mean,mae_std,rmse_mean,rmse_std,r2_mean,r2_std,spearman_mean,spearman_std
group_kfold,rt_min,linear_ridge,inchikey,3,17367,4447,3.503058635682715,0.03415790335393176,5.284297305259009,0.05511332310088923,0.7406696311030684,0.00445970848129802,0.8310071074366515,0.0014744300389304542
group_kfold,rt_min,random_forest,inchikey,3,17367,4447,1.756430774726553,0.0458730206957603,2.9911701522134053,0.17347672469434514,0.9169248576403227,0.006602048594244937,0.9441760771671843,0.005951273862460307
group_kfold,rt_min,extra_trees,inchikey,3,17367,4447,1.6394872627635921,0.053559952891378056,2.8736578838921703,0.2308732751423108,0.923198231802159,0.009515849303595142,0.9492901866858365,0.004114166939834265
group_kfold,rt_min,hist_gradient_boosting,inchikey,3,17367,4447,1.911831037343014,0.028470561769801662,3.04940764251759,0.11938068327521438,0.9136983216553608,0.0036865491253290656,0.9362377741149016,0.002322302802781905
group_kfold,quality_score,linear_ridge,inchikey,3,17367,4447,0.00014371603877580302,2.554651355628042e-05,0.0031314967570680165,0.0012938173716613025,0.7586973086286433,0.17653937606781295,0.04527117483443307,0.004682450748682126
group_kfold,quality_score,random_forest,inchikey,3,17367,4447,3.531602085640771e-05,1.5472193481013187e-05,0.0015369809915368546,0.0006447767969453863,0.9473407450141916,0.02821849098974255,0.9999999303192705,5.075936370567314e-08
group_kfold,quality_score,extra_trees,inchikey,3,17367,4447,3.39544827526533e-05,1.895481273364761e-05,0.0014136202059039738,0.000692085245412946,0.9461899708765106,0.04904054401482573,0.9999999442512885,7.884058399139977e-08
group_kfold,quality_score,hist_gradient_boosting,inchikey,3,17367,4447,0.00030692005104052193,1.1598590297103085e-06,0.0054612172543180544,0.0005963326784429879,0.3530888720517471,0.023366054609183104,0.060403218103256336,0.014168004867663968
