source_dataset,n_test,rt_mae,rt_rmse,mean_bias,median_abs_error,ad_flagged
METLIN_SMRT,1,5.006135787433358,5.006135787433358,-5.006135787433358,5.006135787433358,0
RepoRT,1,2.4537902919540313,2.4537902919540313,-2.4537902919540313,2.4537902919540313,0
internal_lab,1,1.241811496672224,1.241811496672224,1.241811496672224,1.241811496672224,0
